KEY,CHINESE,PORTUGUESE
ui.植物图鉴,植物图鉴,Almanaque de Plantas
ui.僵尸运动会,僵尸运动会,Olimpíada dos Zumbis
ui.未升级,未升级,Não Atualizado
ui.已升级,已升级,Atualizado
ui.最大升级,最大升级,Máx. Atualizado
ui.路径关闭,路径关闭,Caminho Fechado
ui.敬请期待,敬请期待,Aguardem
ui.升级路径,升级路径,Caminho de Upgrade
ui.挑战模式,挑战模式,Modo Desafio
ui.一起摇滚吧！,一起摇滚吧！,Vamos Rock Juntos!
ui.幽灵来袭,幽灵来袭,Fantasmas Chegando
ui.智能释放技能,智能释放技能,Liberação Inteligente de Habilidade
ui.手动释放技能,手动释放技能,Liberação Manual de Habilidade
ui.自动释放技能,自动释放技能,Liberação Automática de Habilidade
ui.僵尸幽灵,僵尸幽灵,Zumbi Fantasma
ui.暴走僵尸,暴走僵尸,Zumbi Berserk
ui.植物僵尸-初见,植物僵尸-初见,Planta-Zumbi - Primeiro Encontro
gameplay.准备...,准备...,Preparando...
gameplay.安放...,安放...,Posicionando...
gameplay.植物！,植物！,Plantas!
gameplay.一大波僵尸即将来袭！,一大波僵尸即将来袭！,Uma grande onda de zumbis está chegando!
gameplay.最后一波攻势,最后一波攻势,Última onda de ataque
